"0","gen_perlin(x = 1:5, y = 1, frequency = .001, seed = 1)
"
"1","[1]"
"1"," -0.001000010"
"1"," -0.001000010"
"1"," -0.001000009"
"1"," -0.001000009"
"1"," -0.001000007"
"1","
"
